{"has_online_delivery": 1, "photos_url": "https://www.zomato.com/HauzKhasSocial/photos?utm_source=api_basic_user&utm_medium=api&utm_campaign=v2.1#tabtop", "url": "https://www.zomato.com/HauzKhasSocial?utm_source=api_basic_user&utm_medium=api&utm_campaign=v2.1", "user_rating": {"rating_text": "Very Good", "rating_color": "5BA829", "votes": "7931", "aggregate_rating": "4.3"}, "name": "Hauz Khas Social", "cuisines": "Continental, American, Asian, North Indian", "is_delivering_now": 0, "deeplink": "zomato://restaurant/308322", "menu_url": "https://www.zomato.com/HauzKhasSocial/menu?utm_source=api_basic_user&utm_medium=api&utm_campaign=v2.1&openSwipeBox=menu&showMinimal=1#tabtop", "average_cost_for_two": 1600}
