{"uniq_id":"eac7efa5dbd3d667f26eb3d3ab504464","product_name":"Hornby 2014 Catalogue","manufacturer":"Hornby","price":"£3.42","number_available":"5 new","number_of_reviews":2}
{"uniq_id":"fac7efa5dbd3d667f26eb3d3ab504464","product_name":"Plarail - AS-07 Shinkansen Series 700 (Model Train)","manufacturer":"Takara Tomy","price":"£13.42","number_available":"35 new","number_of_reviews":1}
{"uniq_id":"vac1efa5dbd3d667f26eb3d3ab504464","product_name":"Hornby 2014 Catalogue","price":"£3.42","number_available":"1 new","number_of_reviews":0}
{"uniq_id":"hac2efa5dbd3d667f26eb3d3ab504464","product_name":"Hornby R2981 London 2012 1948 Games 00 Gauge Limited Edition Train Pack","manufacturer":"Hornby","number_available":"7 new","number_of_reviews":1}
{"uniq_id":"kac6efa5dbd3d667f26eb3d3ab504464","manufacturer":"Hornby","price":"£3.42","number_available":"15 new","number_of_reviews":8}
{"uniq_id":"dfc1efa5dbd3d667f26eb3d3ab504464","product_name":"Hornby R3246TTS LNER 2-8-2 'Cock O' The North' P2 Class with TTS Sound","price":"£3.42","number_available":"1 new","number_of_reviews":0}
{"uniq_id":"wec2efa5dbd3d667f26eb3d3ab504464","product_name":"Hornby 2014 Catalogue","manufacturer":"Hornby","number_available":"7 old","number_of_reviews":3}
{"uniq_id":"qac6efa5dbd3d667f26eb3d3ab504464","manufacturer":"Hornby","price":"£3.42","number_available":"5 new","number_of_reviews":8}
{"uniq_id":"nd57efa5dbd3d667f26eb3d3ab504464","product_name":"Hornby 3456","price":"£73.42","number_available":"1 new"}
{"product_name":"H2C","manufacturer":"Hornby","price":"£83.34","number_available":"0","number_of_reviews":2}
{"uniq_id":"kgf7efaghty67d667f26eb3d3ab504464","product_name":"Topro LED Flashing Neon Sensory Maracas Light Up Maracas Toy","manufacturer":"Topro","number_of_reviews":5}
{"uniq_id":"aqac7efa5dbd3d667f26eb3d3ab504464","product_name":"Hornby 2014 Catalogue","manufacturer":"Hornby","price":"£3.42","number_available":"5 new","number_of_reviews":2}
{"uniq_id":"nf5hefda5dbd3d667f26eb3d3ab504464","product_name":"Hornby 2014 Catalogue","manufacturer":"Hornby","price":"£3.42","number_available":"5 new","number_of_reviews":2}
{"uniq_id":"mbdf5efa5dbd3d667f26eb3d3ab504464","manufacturer":"Hornby","price":"£3.42","number_available":"5 new","number_of_reviews":2}
{"uniq_id":"nbf6au38jdbappmmfhf26eb3d3ab504464","product_name":"Bachmann 32-882 Fairburn 2-6-4 Tank 42062 BR Lined Black Late Crest","manufacturer":"Crat","price":"£33.54","number_available":"5 new","number_of_reviews":12}
{"uniq_id":"dfbnsf7ddamli84haff26eb3d3ab504464","product_name":"S-60 EF66 Electric Locomotive (Tomica PlaRail Model Train) (japan import)","manufacturer":"Tomica","number_available":"5 new","number_of_reviews":2}
{"uniq_id":"eac7efa5dbdbjghjs823os7wbcad504464","product_name":"Faller 140431","manufacturer":"Faller","price":"£73.67","number_available":"7 old","number_of_reviews":4}
{"uniq_id":"eacfdfnjkw8fjklaamf26eb3d3ab504464","product_name":"Class 47 47365 'Diamond Jubilee' BR Railfreight Distribution","manufacturer":"Jubl","price":"£82.87","number_available":"1 old","number_of_reviews":12}
{"uniq_id":"edfsfnmlaaa7dfsjhbalwhb3d3ab504464","product_name":"TRIX T23228","price":"£43.42","number_available":"5 new","number_of_reviews":2}
{"uniq_id":"eac7efa5dbfdshjhsdkw86f3d3ab504464","product_name":"Learning Curve Thomas the Tank Duncan","manufacturer":"Duncan","price":"£33.12","number_available":"4 new","number_of_reviews":34}
