state,location,address,latitude,longitude
Alabama,Auburn,"AL 36832 US",32.606812966051244,-85.48732833164195
Alabama,Birmingham,"AL 35233 US",33.509721495414745,-86.80275567068401
Alabama,Birmingham,"AL 35235 US",33.59558141391436,-86.64743684970283
Alabama,Birmingham,"AL 35242 US",33.42258214624579,-86.6982794650297
Alabama,Cullman,"AL 35055 US",34.15413376734492,-86.84122007667406
Alabama,Hoover,"AL 35244 US",33.378958029568594,-86.80380210088629
Alabama,Huntsville,"AL 35806 US",34.742319254429496,-86.6657204641674
Alabama,Mobile,"AL 36608 US",30.675337809949887,-88.143753929995
